Barley_Root.Df;Barley_Root.Sum.Sq;Barley_Root.Mean.Sq;Barley_Root.F.value;Barley_Root.Pr..F.;Barley_Shoot.Df;Barley_Shoot.Sum.Sq;Barley_Shoot.Mean.Sq;Barley_Shoot.F.value;Barley_Shoot.Pr..F.;Cucumber_Root.Df;Cucumber_Root.Sum.Sq;Cucumber_Root.Mean.Sq;Cucumber_Root.F.value;Cucumber_Root.Pr..F.;Cucumber_Shoot.Df;Cucumber_Shoot.Sum.Sq;Cucumber_Shoot.Mean.Sq;Cucumber_Shoot.F.value;Cucumber_Shoot.Pr..F.;Maize_Root.Df;Maize_Root.Sum.Sq;Maize_Root.Mean.Sq;Maize_Root.F.value;Maize_Root.Pr..F.;Maize_Shoot.Df;Maize_Shoot.Sum.Sq;Maize_Shoot.Mean.Sq;Maize_Shoot.F.value;Maize_Shoot.Pr..F.;Tomato_Root.Df;Tomato_Root.Sum.Sq;Tomato_Root.Mean.Sq;Tomato_Root.F.value;Tomato_Root.Pr..F.;Tomato_Shoot.Df;Tomato_Shoot.Sum.Sq;Tomato_Shoot.Mean.Sq;Tomato_Shoot.F.value;Tomato_Shoot.Pr..F.;
Treatment;3;57.35833878;19.11944626;15.04823567;1.01E-08;3;1.492095408;0.497365136;1.515416587;0.212369478;3;19.49878112;6.499593707;7.061060933;0.00016902;3;16.31102602;5.437008673;10.2621687;3.06E-06;3;0.804275;0.268091667;0.717644997;0.54274259;3;21.28373469;7.094578231;27.18377997;2.20E-14;3;75.99401378;25.33133793;61.47992169;7.06E-27;3;53.15536939;17.71845646;47.80277554;2.17E-22
Time;6;1898.832648;316.472108;249.0839327;7.14E-81;6;1513.137903;252.1896505;768.3939861;2.50E-119;6;175.4793133;29.24655221;31.77301483;2.28E-25;6;200.5138459;33.41897432;63.07717585;1.66E-40;6;334.3586561;55.72644269;149.1721219;1.29E-64;6;363.0955673;60.51592789;231.8744842;1.54E-78;6;521.2548857;86.87581429;210.8502233;1.80E-75;6;194.5372776;32.42287959;87.47396472;4.34E-49
Treatment:Time;18;22.03568265;1.224204592;0.963527864;0.504105311;18;4.86950102;0.270527834;0.824268405;0.669935603;18;45.73600102;2.540888946;2.760383568;0.000346569;18;42.01057041;2.333920578;4.405195603;1.01E-07;18;8.65325;0.480736111;1.286865307;0.201892345;18;9.027408163;0.501522676;1.921647999;0.017099872;18;48.60697551;2.700387528;6.553922034;3.54E-12;18;65.36121633;3.631178685;9.796588094;3.19E-18
Residuals;168;213.4514;1.270544048;NA;NA;168;55.1382;0.328203571;NA;NA;168;154.6413143;0.920484014;NA;NA;168;89.00822857;0.529810884;NA;NA;168;62.76;0.373571429;NA;NA;168;43.8456;0.260985714;NA;NA;168;69.2204;0.41202619;NA;NA;168;62.27045714;0.370657483;NA;NA
