Species;Value
Barley;-26.81614198567770
Barley;-27.01312589514630
Barley;-27.03910980461500
Maize;-11.90882247892970
Maize;-11.91812892674010
Maize;-12.05043537455060
Maize;-11.99874182236110
Maize;-12.01404827017150
Maize;-12.01435471798200
Tomato;-27.41925461939700
Tomato;-27.07023852886570
Tomato;-27.60622243833440
Cucumber;
Cucumber;
Cucumber;
