;X0.Df;X0.Sum.Sq;X0.Mean.Sq;X0.F.value;X0.Pr..F.;X1.Df;X1.Sum.Sq;X1.Mean.Sq;X1.F.value;X1.Pr..F.;X3.Df;X3.Sum.Sq;X3.Mean.Sq;X3.F.value;X3.Pr..F.;X7.Df;X7.Sum.Sq;X7.Mean.Sq;X7.F.value;X7.Pr..F.;X9.Df;X9.Sum.Sq;X9.Mean.Sq;X9.F.value;X9.Pr..F.;X11.Df;X11.Sum.Sq;X11.Mean.Sq;X11.F.value;X11.Pr..F.;X14.Df;X14.Sum.Sq;X14.Mean.Sq;X14.F.value;X14.Pr..F.
Treatment;3;10.0982;3.366066667;6.467741308;0.002301984;3;6.580914286;2.193638095;1.968048225;0.145698066;3;5.106639286;1.702213095;4.632067434;0.010796392;3;8.564353571;2.854784524;11.4152243;7.60E-05;3;24.03087143;8.010290476;20.842685;7.21E-07;3;35.02838214;11.67612738;104.7533029;6.34E-14;3;35.19162857;11.73054286;86.40450364;5.31E-13
Residuals;24;12.49054286;0.520439286;NA;NA;24;26.75102857;1.11462619;NA;NA;24;8.819628571;0.367484524;NA;NA;24;6.002057143;0.250085714;NA;NA;24;9.223714286;0.384321429;NA;NA;24;2.675114286;0.111463095;NA;NA;24;3.258314286;0.135763095;NA;NA
