groups.Value;groups.groups
C;-31.55;a
 -P;-32.6657142857143;b
 -P/-Fe;-32.7285714285714;b
 -Fe;-33.1814285714286;b
