;Barley_Root.Df;Barley_Root.Sum.Sq;Barley_Root.Mean.Sq;Barley_Root.F.value;Barley_Root.Pr..F.;Barley_Shoot.Df;Barley_Shoot.Sum.Sq;Barley_Shoot.Mean.Sq;Barley_Shoot.F.value;Barley_Shoot.Pr..F.;Cucumber_Root.Df;Cucumber_Root.Sum.Sq;Cucumber_Root.Mean.Sq;Cucumber_Root.F.value;Cucumber_Root.Pr..F.;Cucumber_Shoot.Df;Cucumber_Shoot.Sum.Sq;Cucumber_Shoot.Mean.Sq;Cucumber_Shoot.F.value;Cucumber_Shoot.Pr..F.;Maize_Root.Df;Maize_Root.Sum.Sq;Maize_Root.Mean.Sq;Maize_Root.F.value;Maize_Root.Pr..F.;Maize_Shoot.Df;Maize_Shoot.Sum.Sq;Maize_Shoot.Mean.Sq;Maize_Shoot.F.value;Maize_Shoot.Pr..F.;Tomato_Root.Df;Tomato_Root.Sum.Sq;Tomato_Root.Mean.Sq;Tomato_Root.F.value;Tomato_Root.Pr..F.;Tomato_Shoot.Df;Tomato_Shoot.Sum.Sq;Tomato_Shoot.Mean.Sq;Tomato_Shoot.F.value;Tomato_Shoot.Pr..F.
Treatment;3;57.35833878;19.11944626;15.04823567;1.01E-08;3;1.492095408;0.497365136;1.515416587;0.212369478;3;71.19357551;23.73119184;28.98720872;3.71E-15;3;56.13654082;18.71218027;38.12855871;7.57E-19;3;0.804275;0.268091667;0.717644997;0.54274259;3;21.28373469;7.094578231;27.18377997;2.20E-14;3;75.99401378;25.33133793;61.47992169;7.06E-27;3;53.15536939;17.71845646;47.80277554;2.17E-22
Time;6;1898.832648;316.472108;249.0839327;7.14E-81;6;1513.137903;252.1896505;768.3939861;2.50E-119;6;115.9005122;19.31675204;23.59505275;3.96E-20;6;87.51294082;14.58549014;29.71987812;4.04E-24;6;334.3586561;55.72644269;149.1721219;1.29E-64;6;363.0955673;60.51592789;231.8744842;1.54E-78;6;521.2548857;86.87581429;210.8502233;1.80E-75;6;194.5372776;32.42287959;87.47396472;4.34E-49
Treatment:Time;18;22.03568265;1.224204592;0.963527864;0.504105311;18;4.86950102;0.270527834;0.824268405;0.669935603;18;81.4198102;4.523322789;5.525154518;4.39E-10;18;60.94745918;3.385969955;6.899364603;7.32E-13;18;8.65325;0.480736111;1.286865307;0.201892345;18;9.027408163;0.501522676;1.921647999;0.017099872;18;48.60697551;2.700387528;6.553922034;3.54E-12;18;65.36121633;3.631178685;9.796588094;3.19E-18
Residuals;168;213.4514;1.270544048;NA;NA;168;55.1382;0.328203571;NA;NA;168;137.5379143;0.818678061;NA;NA;168;82.4486;0.490765476;NA;NA;168;62.76;0.373571429;NA;NA;168;43.8456;0.260985714;NA;NA;168;69.2204;0.41202619;NA;NA;168;62.27045714;0.370657483;NA;NA
